platform,timestamp,asset,fiat,price,min_amount,max_amount,available_amount,trade_type,country_code,payment_methods,advertiser_name,completion_rate,order_count,ad_id,premium_pct,official_rate,collection_id
binance,2025-07-30T00:23:04.199876Z,USDT,ARS,1308.0,1400000.0,1571963.0,1203.73,BUY,AR,"[""Bank Transfer (Argentina)""]",Verlaine99,0.95,19,13783640505520996352,,,collection_20250730_022303
binance,2025-07-30T00:23:04.199876Z,USDT,ARS,1308.0,300000.0,1311955.0,1005.03,BUY,AR,"[""Banco Brubank"", ""Bank Transfer (Argentina)"", ""Mercadopago"", ""Uala"", ""BBVA""]",marianoudelgado,1.0,34,12783602472073977856,,,collection_20250730_022303
binance,2025-07-30T00:23:04.199876Z,USDT,ARS,1308.0,30000.0,256112.0,203.54,BUY,AR,"[""Banco Brubank"", ""Mercadopago"", ""Reba""]",ValorArg,1.0,52,12783125147454025728,,,collection_20250730_022303
binance,2025-07-30T00:23:04.199876Z,USDT,ARS,1308.0,200000.0,483186.0,370.0,BUY,AR,"[""Lemon Cash""]",JawenoGroup,1.0,59,13757962617743495168,,,collection_20250730_022303
binance,2025-07-30T00:23:04.199876Z,USDT,ARS,1308.2,129000.0,130558.0,100.0,BUY,AR,"[""Mercadopago""]",Anny,1.0,9,12751691722405765120,,,collection_20250730_022303
binance,2025-07-30T00:23:04.199876Z,USDT,ARS,1308.42,99999.0,1012536.0,775.41,BUY,AR,"[""Mercadopago"", ""Banco Brubank"", ""Naranja X"", ""Lemon Cash""]",LaReceta,1.0,49,12781716266360868864,,,collection_20250730_022303
binance,2025-07-30T00:23:04.199876Z,USDT,ARS,1308.44,10000.0,390925.0,299.37,BUY,AR,"[""Mercadopago"", ""Uala"", ""Lemon Cash""]",Skyeyes25,1.0,171,12777054560811810816,,,collection_20250730_022303
binance,2025-07-30T00:23:04.199876Z,USDT,ARS,1308.45,8000.0,435096.0,333.06,BUY,AR,"[""Banco Brubank"", ""Uala"", ""Mercadopago"", ""Lemon Cash"", ""Naranja X""]",Leo1978,1.0,223,12735966641310904320,,,collection_20250730_022303
binance,2025-07-30T00:23:04.199876Z,USDT,ARS,1308.49,30000.0,81055.0,62.07,BUY,AR,"[""Mercadopago"", ""Lemon Cash"", ""Uala"", ""Bank Transfer (Argentina)"", ""Banco Brubank""]",mgtCrypto,1.0,61,12783659428124680192,,,collection_20250730_022303
binance,2025-07-30T00:23:04.199876Z,USDT,ARS,1308.5,7840.0,14939.0,11.44,BUY,AR,"[""Lemon Cash"", ""Mercadopago"", ""Banco Brubank""]",RodrigoCambiosP2P,0.85,17,12783595661132779520,,,collection_20250730_022303
binance,2025-07-30T00:23:04.199876Z,USDT,ARS,1308.5,100000.0,130588.0,100.0,BUY,AR,"[""Lemon Cash"", ""Mercadopago"", ""Banco Brubank"", ""Naranja X""]",Dag11,0.992,355,12783214002713567232,,,collection_20250730_022303
binance,2025-07-30T00:23:04.199876Z,USDT,ARS,1308.5,8000.0,231500.0,177.41,BUY,AR,"[""Uala"", ""Mercadopago"", ""Banco del Sol"", ""Banco Brubank"", ""Lemon Cash""]",NexusArbitraje,1.0,72,12783665382459469824,,,collection_20250730_022303
binance,2025-07-30T00:23:04.199876Z,USDT,ARS,1308.5,50000.0,410075.0,314.02,BUY,AR,"[""Mercadopago"", ""Uala"", ""Banco Brubank"", ""Lemon Cash"", ""Naranja X""]",cele1532,1.0,66,12775978089948651520,,,collection_20250730_022303
binance,2025-07-30T00:23:04.199876Z,USDT,ARS,1308.64,100000.0,106091.0,81.2,BUY,AR,"[""Mercadopago"", ""Banco Brubank"", ""Uala"", ""Lemon Cash""]",LibreMercado-Futuro,0.989,1137,13695150704413921280,,,collection_20250730_022303
binance,2025-07-30T00:23:04.199876Z,USDT,ARS,1308.69,100000.0,289111.0,221.27,BUY,AR,"[""Bank Transfer (Argentina)"", ""Reba"", ""BBVA"", ""Prex""]",-CryptoFree-,0.991,404,13737267256024821760,,,collection_20250730_022303
binance,2025-07-30T00:23:04.199876Z,USDT,ARS,1308.7,10000.0,1959131.0,1500.0,BUY,AR,"[""Banco Brubank"", ""Prex"", ""Lemon Cash""]",FAMCAST,0.991,109,12780679150509375488,,,collection_20250730_022303
binance,2025-07-30T00:23:04.199876Z,USDT,ARS,1308.7,10000.0,100000.0,887.85,BUY,AR,"[""Mercadopago""]",Criptoscambio,0.977,246,12783100201093562368,,,collection_20250730_022303
binance,2025-07-30T00:23:04.199876Z,USDT,ARS,1308.7,20000.0,85974.0,65.8,BUY,AR,"[""Lemon Cash"", ""Bank Transfer (Argentina)""]",LPCripto,1.0,800,13733892216363905024,,,collection_20250730_022303
binance,2025-07-30T00:23:04.199876Z,USDT,ARS,1308.73,10000.0,224639.0,171.99,BUY,AR,"[""Mercadopago"", ""Naranja X"", ""Banco Brubank""]",ALMAASIA18,1.0,208,12783655216766341120,,,collection_20250730_022303
binance,2025-07-30T00:23:04.199876Z,USDT,ARS,1308.75,39000.0,39001.0,100.0,BUY,AR,"[""Lemon Cash"", ""Naranja X""]",cryph594,1.0,1,12779169286132228096,,,collection_20250730_022303
binance,2025-07-30T00:23:05.220849Z,USDT,ARS,1308.75,30000.0,400000.0,561.29,BUY,AR,"[""Mercadopago"", ""Banco Brubank"", ""Prex"", ""Lemon Cash"", ""Bank Transfer""]",USDTucuOK,0.961,973,13763891171293110272,,,collection_20250730_022303
binance,2025-07-30T00:23:05.220849Z,USDT,ARS,1308.75,8000.0,765310.0,585.7,BUY,AR,"[""Mercadopago"", ""Banco Brubank"", ""Bank Transfer (Argentina)"", ""Naranja X""]",nenito,0.999,2351,13735931634986217472,,,collection_20250730_022303
binance,2025-07-30T00:23:05.220849Z,USDT,ARS,1308.79,20000.0,392637.0,300.6,BUY,AR,"[""Banco Brubank"", ""Uala"", ""Lemon Cash"", ""Mercadopago"", ""Bank Transfer (Argentina)""]",josmirvcha,0.992,116,12630329657973460992,,,collection_20250730_022303
binance,2025-07-30T00:23:05.220849Z,USDT,ARS,1308.79,20000.0,1278363.0,978.12,BUY,AR,"[""Lemon Cash"", ""Bank Transfer (Argentina)"", ""Banco Brubank"", ""Naranja X""]",PakaCripto,1.0,2855,13783659651724181504,,,collection_20250730_022303
binance,2025-07-30T00:23:05.220849Z,USDT,ARS,1308.8,20000.0,91887.0,70.32,BUY,AR,"[""Mercadopago"", ""Lemon Cash"", ""Banco Brubank"", ""Bank Transfer"", ""Naranja X""]",pago_facil,0.994,4567,13761887054522826752,,,collection_20250730_022303
binance,2025-07-30T00:23:05.220849Z,USDT,ARS,1308.8,50000.0,130670.0,100.0,BUY,AR,"[""Bank Transfer (Argentina)""]",Intercambio,1.0,450,13735344581207470080,,,collection_20250730_022303
binance,2025-07-30T00:23:05.220849Z,USDT,ARS,1308.9,20000.0,520815.0,398.54,BUY,AR,"[""Mercadopago"", ""Uala"", ""Banco Brubank"", ""Bank Transfer (Argentina)"", ""Prex""]",AgusmCripto,0.987,1098,13661047777840144384,,,collection_20250730_022303
binance,2025-07-30T00:23:05.220849Z,USDT,ARS,1308.92,31000.0,520483.0,398.28,BUY,AR,"[""Banco Brubank"", ""Mercadopago"", ""Uala"", ""Uala"", ""Naranja X""]",Smart-M0ney,1.0,3724,13680359693309251584,,,collection_20250730_022303
binance,2025-07-30T00:23:05.220849Z,USDT,ARS,1308.93,40000.0,765258.0,585.58,BUY,AR,"[""Bank Transfer (Argentina)"", ""Mercadopago"", ""Banco Brubank"", ""Uala"", ""Naranja X""]",Take-Profit-Prime,1.0,1381,13736048664665522176,,,collection_20250730_022303
binance,2025-07-30T00:23:05.220849Z,USDT,ARS,1308.95,25000.0,54326.0,41.57,BUY,AR,"[""Lemon Cash"", ""Mercadopago"", ""Naranja X""]",AlejandroR96,1.0,1085,13770468741631451136,,,collection_20250730_022303
binance,2025-07-30T00:23:05.220849Z,USDT,ARS,1308.97,20000.0,500000.0,1042.32,BUY,AR,"[""Mercadopago"", ""Lemon Cash"", ""Banco Brubank"", ""Uala"", ""Naranja X""]",rokocripto39,0.997,566,13767025644864118784,,,collection_20250730_022303
binance,2025-07-30T00:23:05.220849Z,USDT,ARS,1308.98,30000.0,400000.0,446.81,BUY,AR,"[""Mercadopago"", ""Reba"", ""Naranja X"", ""Lemon Cash"", ""Banco Brubank""]",CAMBIORAPIDOYSEGURO-,0.996,7076,13782475797173325824,,,collection_20250730_022303
binance,2025-07-30T00:23:05.220849Z,USDT,ARS,1309.0,300000.0,445948.0,341.36,BUY,AR,"[""Uala"", ""Mercadopago"", ""Naranja X""]",P2P-8d3d49le,1.0,40,12783644869136695296,,,collection_20250730_022303
binance,2025-07-30T00:23:05.220849Z,USDT,ARS,1309.0,20000.0,80701.0,61.75,BUY,AR,"[""Mercadopago"", ""Uala"", ""Bank Transfer (Argentina)"", ""Naranja X"", ""Banco Santander Argentina""]",LIBEROyPAGORAPIDO,0.94,955,13780459488175874048,,,collection_20250730_022303
binance,2025-07-30T00:23:05.220849Z,USDT,ARS,1309.0,1960.0,28190.0,21.57,BUY,AR,"[""Mercadopago"", ""Banco Brubank"", ""Lemon Cash"", ""Prex"", ""Banco del Sol""]",JoacoPelo,1.0,1300,13750215526643085312,,,collection_20250730_022303
binance,2025-07-30T00:23:05.220849Z,USDT,ARS,1309.09,50000.0,543664.0,416.13,BUY,AR,"[""Lemon Cash""]",tamacrypto,1.0,274,12749120729225216000,,,collection_20250730_022303
binance,2025-07-30T00:23:05.220849Z,USDT,ARS,1309.17,20000.0,162057.0,123.96,BUY,AR,"[""Mercadopago"", ""Lemon Cash"", ""Banco Brubank""]",Jossss18,0.998,4051,13774385219905982464,,,collection_20250730_022303
binance,2025-07-30T00:23:05.220849Z,USDT,ARS,1309.25,30000.0,1769918.0,1354.02,BUY,AR,"[""Mercadopago"", ""Lemon Cash""]",facu99,0.993,1670,13672634914886234112,,,collection_20250730_022303
binance,2025-07-30T00:23:05.220849Z,USDT,ARS,1309.29,10000.0,64954.0,49.68,BUY,AR,"[""Uala"", ""Mercadopago"", ""Lemon Cash"", ""Naranja X""]",CRIPTO-DEL-SUR,1.0,3422,13760008484152778752,,,collection_20250730_022303
binance,2025-07-30T00:23:05.220849Z,USDT,ARS,1309.3,5000.0,392162.0,300.0,BUY,AR,"[""Mercadopago"", ""Uala"", ""Lemon Cash"", ""Bank Transfer (Argentina)""]",CryptosCoin,1.0,349,13739464970272231424,,,collection_20250730_022303
binance,2025-07-30T00:23:06.248407Z,USDT,ARS,1309.3,71910.0,71911.0,100.0,BUY,AR,"[""Lemon Cash"", ""Mercadopago"", ""Uala"", ""Banco Santander Argentina"", ""Naranja X""]",LUCRYP_KOINS,0.996,1766,13735980907031560192,,,collection_20250730_022303
binance,2025-07-30T00:23:06.248407Z,USDT,ARS,1309.36,60000.0,600000.0,703.9,BUY,AR,"[""Mercadopago"", ""Uala"", ""Banco Brubank""]",Thianico2,0.996,211,12783659340374224896,,,collection_20250730_022303
binance,2025-07-30T00:23:06.248407Z,USDT,ARS,1309.45,80000.0,181945.0,139.17,BUY,AR,"[""Mercadopago"", ""Bank Transfer (Argentina)""]",JLuce,0.979,631,13768725563687247872,,,collection_20250730_022303
binance,2025-07-30T00:23:06.248407Z,USDT,ARS,1309.48,30000.0,236085.0,180.65,BUY,AR,"[""Mercadopago"", ""Uala""]",Cincripto,1.0,59,12722036970811555840,,,collection_20250730_022303
binance,2025-07-30T00:23:06.248407Z,USDT,ARS,1309.5,7840.0,45000.0,101.33,BUY,AR,"[""Mercadopago"", ""Uala"", ""Lemon Cash"", ""Naranja X"", ""Banco Brubank""]",AleOsm_p2p,0.984,246,12780621935252905984,,,collection_20250730_022303
binance,2025-07-30T00:23:06.248407Z,USDT,ARS,1309.5,10000.0,685997.0,524.7,BUY,AR,"[""Mercadopago"", ""Lemon Cash"", ""Banco Brubank"", ""Uala"", ""Naranja X""]",Darcy2863,1.0,264,13736190061997940736,,,collection_20250730_022303
binance,2025-07-30T00:23:06.248407Z,USDT,ARS,1309.59,70000.0,3791744.0,2900.0,BUY,AR,"[""Mercadopago"", ""Lemon Cash"", ""Uala"", ""Banco Brubank""]",cryptoexpertar,0.998,1371,13713307594895261696,,,collection_20250730_022303
binance,2025-07-30T00:23:06.248407Z,USDT,ARS,1309.6,500000.0,6000000.0,6625.69,BUY,AR,"[""Banco Brubank"", ""Lemon Cash"", ""Mercadopago"", ""Bank Transfer (Argentina)"", ""Naranja X""]",PriscilaC,1.0,1442,13733988868520603648,,,collection_20250730_022303
binance,2025-07-30T00:23:06.248407Z,USDT,ARS,1309.69,200000.0,5839368.0,4464.83,BUY,AR,"[""Banco Brubank"", ""Bank Transfer (Argentina)"", ""Lemon Cash""]",cashexpress-,1.0,2433,13641654549090492416,,,collection_20250730_022303
binance,2025-07-30T00:23:06.248407Z,USDT,ARS,1309.7,1000000.0,19600000.0,17011.02,BUY,AR,"[""Lemon Cash"", ""Banco Brubank"", ""Uala"", ""Bank Transfer (Argentina)"", ""Naranja X""]",CLARICRIPTO,1.0,650,13753410189213368320,,,collection_20250730_022303
binance,2025-07-30T00:23:06.248407Z,USDT,ARS,1309.7,1000000.0,19600000.0,24384.52,BUY,AR,"[""Lemon Cash"", ""Uala"", ""Prex"", ""Bank Transfer (Argentina)"", ""Naranja X""]",VALSURRCRYPTO,0.994,479,13740369890012815360,,,collection_20250730_022303
binance,2025-07-30T00:23:06.248407Z,USDT,ARS,1309.71,10000.0,2766932.0,2116.01,BUY,AR,"[""Mercadopago"", ""Lemon Cash"", ""Bank Transfer (Argentina)"", ""Banco Brubank"", ""Uala""]",Express_eze,0.998,4097,13713769487761043456,,,collection_20250730_022303
binance,2025-07-30T00:23:06.248407Z,USDT,ARS,1309.78,1500000.0,19600000.0,18757.17,BUY,AR,"[""Mercadopago"", ""Lemon Cash"", ""Belo app"", ""Uala"", ""Fiwind""]",BrunoP93,1.0,124,13783452573225443328,,,collection_20250730_022303
binance,2025-07-30T00:23:06.248407Z,USDT,ARS,1309.85,45000.0,1027714.0,785.86,BUY,AR,"[""Belo app"", ""Bank Transfer (Argentina)"", ""Mercadopago"", ""Uala"", ""Banco Brubank""]",CRIPTOS__,0.989,1414,13778317449561538560,,,collection_20250730_022303
binance,2025-07-30T00:23:06.248407Z,USDT,ARS,1309.88,1000000.0,19600000.0,25986.2,BUY,AR,"[""Uala"", ""Banco Brubank"", ""Lemon Cash"", ""Bank Transfer (Argentina)"", ""Mercadopago""]",Lupoo,1.0,2480,13765824596391723008,,,collection_20250730_022303
binance,2025-07-30T00:23:06.248407Z,USDT,ARS,1309.89,50000.0,211863.0,162.0,BUY,AR,"[""Belo app"", ""Bank Transfer (Argentina)"", ""Banco Santander Argentina""]",Giuseppe,0.983,389,13736002810006069248,,,collection_20250730_022303
binance,2025-07-30T00:23:06.248407Z,USDT,ARS,1309.89,90000.0,6839839.0,5229.0,BUY,AR,"[""Mercadopago"", ""Lemon Cash"", ""Naranja X""]",BAHIA_CRYPTO,0.999,2609,13736095029249265664,,,collection_20250730_022303
binance,2025-07-30T00:23:06.248407Z,USDT,ARS,1309.9,2000000.0,19600000.0,17665.0,BUY,AR,"[""Mercadopago"", ""Lemon Cash"", ""Bank Transfer (Argentina)"", ""Naranja X""]",EJLcryptos,1.0,254,13782100331220615168,,,collection_20250730_022303
binance,2025-07-30T00:23:06.248407Z,USDT,ARS,1309.9,500000.0,7320000.0,12239.36,BUY,AR,"[""Bank Transfer (Argentina)"", ""Mercadopago"", ""Lemon Cash"", ""Uala"", ""Naranja X""]",MaryCamposR,0.999,5064,13762455890536112128,,,collection_20250730_022303
binance,2025-07-30T00:23:06.248407Z,USDT,ARS,1309.95,80000.0,1500000.0,1988.59,BUY,AR,"[""Mercadopago"", ""Uala"", ""Lemon Cash"", ""Naranja X"", ""Banco Brubank""]",RodriAya316,0.998,1300,13732433337394974720,,,collection_20250730_022303
binance,2025-07-30T00:23:07.270785Z,USDT,ARS,1310.0,600000.0,8440722.0,6452.32,BUY,AR,"[""Banco Brubank"", ""Lemon Cash"", ""Mercadopago"", ""Bank Transfer (Argentina)""]",lordnestt,0.994,1155,13759629468666560512,,,collection_20250730_022303
binance,2025-07-30T00:23:07.270785Z,USDT,ARS,1310.0,200000.0,1308168.0,1000.0,BUY,AR,"[""Lemon Cash"", ""Mercadopago"", ""Uala"", ""Banco Brubank"", ""Bank Transfer (Argentina)""]",Disaster_Crypto,0.987,1408,13775926636595027968,,,collection_20250730_022303
binance,2025-07-30T00:23:07.270785Z,USDT,ARS,1310.0,499999.0,500000.0,400.0,BUY,AR,"[""Bank Transfer (Argentina)""]",Crypto-Swapping,0.972,34,13781770826299645952,,,collection_20250730_022303
binance,2025-07-30T00:23:07.270785Z,USDT,ARS,1310.0,25000.0,326846.0,250.0,BUY,AR,"[""Mercadopago"", ""Bank Transfer (Argentina)""]",Didiqueen,1.0,15,12783657496484675584,,,collection_20250730_022303
binance,2025-07-30T00:23:07.270785Z,USDT,ARS,1310.0,100000.0,600000.0,1398.21,BUY,AR,"[""Lemon Cash"", ""Bank Transfer (Argentina)"", ""Mercadopago""]",mpasqual,0.985,586,13737271055132991488,,,collection_20250730_022303
binance,2025-07-30T00:23:07.270785Z,USDT,ARS,1310.09,1500000.0,16540049.0,12642.8,BUY,AR,"[""Mercadopago"", ""Lemon Cash"", ""Naranja X""]",GUMA-CRIPTO,1.0,310,13766913772243451904,,,collection_20250730_022303
binance,2025-07-30T00:23:07.270785Z,USDT,ARS,1310.2,234800.0,234922.0,179.59,BUY,AR,"[""Mercadopago"", ""Banco Brubank"", ""Lemon Cash""]",PinosCripto,1.0,105,13775685219367874560,,,collection_20250730_022303
binance,2025-07-30T00:23:07.270785Z,USDT,ARS,1310.2,10000.0,27980.0,21.39,BUY,AR,"[""Uala"", ""Mercadopago"", ""Naranja X""]",CambioDolares,0.916,668,13756918042137362432,,,collection_20250730_022303
binance,2025-07-30T00:23:07.270785Z,USDT,ARS,1310.29,500000.0,15992407.0,12222.33,BUY,AR,"[""Mercadopago"", ""Naranja X""]",cris_92,0.991,627,13740436926559719424,,,collection_20250730_022303
binance,2025-07-30T00:23:07.270785Z,USDT,ARS,1310.3,15000.0,1344758.0,1027.94,BUY,AR,"[""Mercadopago"", ""Banco Brubank"", ""Uala"", ""Lemon Cash"", ""Naranja X""]",cripto_butterfly,0.972,2670,13758631207026479104,,,collection_20250730_022303
binance,2025-07-30T00:23:07.270785Z,USDT,ARS,1310.45,1500000.0,19600000.0,24819.87,BUY,AR,"[""Mercadopago"", ""Banco Brubank"", ""Lemon Cash"", ""Bank Transfer (Argentina)"", ""Naranja X""]",LPH-EXCHANGE-CRYPTO,0.994,318,13735994216646270976,,,collection_20250730_022303
binance,2025-07-30T00:23:07.270785Z,USDT,ARS,1310.5,1000000.0,9268836.0,7082.65,BUY,AR,"[""Lemon Cash"", ""Mercadopago"", ""Banco Brubank"", ""Bank Transfer (Argentina)""]",ZALA96,1.0,587,13780951316975390720,,,collection_20250730_022303
binance,2025-07-30T00:23:07.270785Z,USDT,ARS,1310.58,10000.0,4001574.0,3057.56,BUY,AR,"[""Mercadopago"", ""Banco Brubank"", ""Lemon Cash"", ""Bank Transfer (Argentina)"", ""Naranja X""]",Mc-Cryptoo,0.999,4536,13774295764521111552,,,collection_20250730_022303
binance,2025-07-30T00:23:07.270785Z,USDT,ARS,1310.61,500000.0,690948.0,528.04,BUY,AR,"[""Bank Transfer"", ""Bank Transfer (Argentina)"", ""Lemon Cash"", ""Mercadopago"", ""BBVA""]",BinLM88,0.989,167,13773353984012611584,,,collection_20250730_022303
binance,2025-07-30T00:23:07.270785Z,USDT,ARS,1310.75,2000000.0,19600000.0,25138.29,BUY,AR,"[""Mercadopago"", ""Lemon Cash"", ""Banco Brubank"", ""Uala"", ""Naranja X""]",NicoAm_5,1.0,395,13672627615287459840,,,collection_20250730_022303
binance,2025-07-30T00:23:07.270785Z,USDT,ARS,1310.8,50000.0,516376.0,394.57,BUY,AR,"[""Mercadopago"", ""Lemon Cash""]",CryptoTerry71,0.999,1503,13690851591577186304,,,collection_20250730_022303
binance,2025-07-30T00:23:07.270785Z,USDT,ARS,1310.81,50000.0,2000000.0,5041.66,BUY,AR,"[""Banco Brubank"", ""Mercadopago"", ""Bank Transfer (Argentina)""]",TuInversorTrader,0.998,3653,13770107771374039040,,,collection_20250730_022303
binance,2025-07-30T00:23:07.270785Z,USDT,ARS,1310.84,25000.0,2200000.0,2090.8,BUY,AR,"[""BBVA"", ""Belo app"", ""Mercadopago"", ""Banco del Sol"", ""Naranja X""]",MartinCrypto182,1.0,1493,13736836110349459456,,,collection_20250730_022303
binance,2025-07-30T00:23:07.270785Z,USDT,ARS,1310.85,80000.0,2397072.0,1989.06,BUY,AR,"[""BBVA"", ""Lemon Cash"", ""Mercadopago"", ""Bank Transfer (Argentina)"", ""Naranja X""]",LUCRYP_KOINS,0.996,1766,13747974223419891712,,,collection_20250730_022303
binance,2025-07-30T00:23:07.270785Z,USDT,ARS,1310.85,5000.0,11490.0,8.78,BUY,AR,"[""Mercadopago""]",Lucascabriolet,1.0,1235,13771171053169340416,,,collection_20250730_022303
binance,2025-07-30T00:23:08.294647Z,USDT,ARS,1310.88,20000.0,528422.0,403.75,BUY,AR,"[""Mercadopago""]",SCHEGO77,0.998,4271,13770241676383465472,,,collection_20250730_022303
binance,2025-07-30T00:23:08.294647Z,USDT,ARS,1310.98,5000000.0,19600000.0,32520.94,BUY,AR,"[""Mercadopago"", ""Bank Transfer (Argentina)"", ""Lemon Cash"", ""Naranja X""]",ObaOba90,1.0,461,13775672643767615488,,,collection_20250730_022303
binance,2025-07-30T00:23:08.294647Z,USDT,ARS,1310.99,30000.0,178965.0,136.73,BUY,AR,"[""Mercadopago"", ""Lemon Cash"", ""Uala"", ""Naranja X"", ""Banco Brubank""]",MaguiMai,1.0,1923,13745208826721361920,,,collection_20250730_022303
binance,2025-07-30T00:23:08.294647Z,USDT,ARS,1311.0,27000.0,196257.0,150.0,BUY,AR,"[""Mercadopago"", ""Prex""]",Atomicvonne,0.956,43,12778829578831302656,,,collection_20250730_022303
binance,2025-07-30T00:23:08.294647Z,USDT,ARS,1311.0,100000.0,1282093.0,979.32,BUY,AR,"[""Lemon Cash"", ""Banco Brubank"", ""Mercadopago"", ""Bank Transfer (Argentina)"", ""Naranja X""]",Littlex,0.985,5046,13765938908817367040,,,collection_20250730_022303
binance,2025-07-30T00:23:08.294647Z,USDT,ARS,1311.0,10000.0,3780002.0,2887.91,BUY,AR,"[""Lemon Cash"", ""Mercadopago"", ""Bank Transfer (Argentina)"", ""Banco Brubank"", ""Banco Santander Argentina""]",CambioYAAAA,0.982,742,13780794985010237440,,,collection_20250730_022303
binance,2025-07-30T00:23:08.294647Z,USDT,ARS,1311.0,100000.0,1035514.0,791.13,BUY,AR,"[""Mercadopago"", ""Lemon Cash"", ""Uala"", ""Naranja X"", ""Banco Brubank""]",Nromano,0.994,1022,13757483628741210112,,,collection_20250730_022303
binance,2025-07-30T00:23:08.294647Z,USDT,ARS,1311.22,100000.0,1018866.0,778.28,BUY,AR,"[""Uala"", ""Banco Brubank"", ""Naranja X"", ""Mercadopago""]",NelP2P87,0.992,815,13774187129130622976,,,collection_20250730_022303
binance,2025-07-30T00:23:08.294647Z,USDT,ARS,1311.3,200000.0,864601.0,660.27,BUY,AR,"[""Mercadopago"", ""Banco Brubank"", ""Lemon Cash"", ""Naranja X""]",Guipie1424,0.999,1575,13754922272500219904,,,collection_20250730_022303
binance,2025-07-30T00:23:08.294647Z,USDT,ARS,1311.44,20000.0,133499.0,102.0,BUY,AR,"[""Uala"", ""Lemon Cash"", ""Naranja X""]",BetaXexchange,0.996,422,12779587806633467904,,,collection_20250730_022303
binance,2025-07-30T00:23:08.294647Z,USDT,ARS,1311.8,100000.0,7727948.0,5899.35,BUY,AR,"[""Uala"", ""Lemon Cash"", ""Banco Brubank""]",Astrocripto,1.0,196,13736598868402335744,,,collection_20250730_022303
binance,2025-07-30T00:23:08.294647Z,USDT,ARS,1312.0,100000.0,873959.0,667.46,BUY,AR,"[""Mercadopago"", ""Naranja X""]",joselo84,0.86,49,12778877320526434304,,,collection_20250730_022303
binance,2025-07-30T00:23:08.294647Z,USDT,ARS,1312.0,1000000.0,1596227.0,1219.07,BUY,AR,"[""Mercadopago""]",LuArPe80,1.0,205,12772791083721523200,,,collection_20250730_022303
binance,2025-07-30T00:23:08.294647Z,USDT,ARS,1312.0,20000.0,690384.0,527.05,BUY,AR,"[""Mercadopago""]",Azulino,0.991,712,13782597895788412928,,,collection_20250730_022303
binance,2025-07-30T00:23:08.294647Z,USDT,ARS,1312.45,200000.0,1674408.0,1278.34,BUY,AR,"[""Lemon Cash"", ""Uala"", ""Mercadopago"", ""Naranja X""]",Colombiarbitraje,1.0,94,12783161393084346368,,,collection_20250730_022303
binance,2025-07-30T00:23:08.294647Z,USDT,ARS,1312.45,500000.0,8659666.0,6607.33,BUY,AR,"[""Mercadopago"", ""Banco Brubank"", ""Lemon Cash"", ""Bank Transfer (Argentina)"", ""Naranja X""]",seba-usd,0.985,915,13776982065830383616,,,collection_20250730_022303
binance,2025-07-30T00:23:08.294647Z,USDT,ARS,1312.5,200000.0,5000000.0,4156.61,BUY,AR,"[""Mercadopago"", ""Uala"", ""Lemon Cash""]",al3jo987,0.997,776,13774567572475187200,,,collection_20250730_022303
binance,2025-07-30T00:23:08.294647Z,USDT,ARS,1312.5,100000.0,4194940.0,3200.62,BUY,AR,"[""Mercadopago"", ""Uala"", ""Lemon Cash"", ""Banco Brubank"", ""Bank Transfer (Argentina)""]",Witi24,0.997,2064,13735930717894610944,,,collection_20250730_022303
binance,2025-07-30T00:23:08.294647Z,USDT,ARS,1312.68,70000.0,500000.0,1000.0,BUY,AR,"[""Mercadopago"", ""Banco Brubank"", ""Naranja X"", ""Uala""]",BETO280,0.996,1363,13771310343162507264,,,collection_20250730_022303
binance,2025-07-30T00:23:08.294647Z,USDT,ARS,1312.68,30000.0,981849.0,749.17,BUY,AR,"[""Mercadopago"", ""Reba"", ""Lemon Cash"", ""Uala""]",santo_cssi,0.994,2310,13704311432233365504,,,collection_20250730_022303
binance,2025-07-30T00:23:09.317381Z,USDT,ARS,1304.1,70000.0,73094.0,56.05,SELL,AR,"[""Mercadopago""]",criptoAleflow,1.0,2,12711565542441127936,,,collection_20250730_022303
binance,2025-07-30T00:23:09.317381Z,USDT,ARS,1303.61,100000.0,700000.0,907.59,SELL,AR,"[""Banco Brubank"", ""Banco Santander Argentina"", ""Mercadopago"", ""Bank Transfer (Argentina)"", ""Lemon Cash""]",FELICHE,0.985,706,12748841072746770432,,,collection_20250730_022303
binance,2025-07-30T00:23:09.317381Z,USDT,ARS,1303.6,50000.0,528492.0,405.41,SELL,AR,"[""Reba"", ""Mercadopago"", ""Banco Brubank"", ""Uala"", ""Banco Santander Argentina""]",leandro011,1.0,204,12751688183360311296,,,collection_20250730_022303
binance,2025-07-30T00:23:09.317381Z,USDT,ARS,1303.5,95000.0,912450.0,700.0,SELL,AR,"[""Mercadopago"", ""Lemon Cash"", ""Bank Transfer (Argentina)"", ""Uala"", ""Banco Brubank""]",Cryptomerida,0.992,124,12767679952902995968,,,collection_20250730_022303
binance,2025-07-30T00:23:09.317381Z,USDT,ARS,1303.26,10000.0,724377.0,555.82,SELL,AR,"[""Banco Brubank"", ""Uala"", ""Mercadopago"", ""Lemon Cash"", ""Bank Transfer (Argentina)""]",-Encryptada-,0.96,71,12782111762625683456,,,collection_20250730_022303
binance,2025-07-30T00:23:09.317381Z,USDT,ARS,1303.24,500000.0,2997975.0,2300.83,SELL,AR,"[""Uala"", ""Mercadopago"", ""Naranja X"", ""Banco del Sol""]",MMlacuevadelpueblo,1.0,660,12783607989083136000,,,collection_20250730_022303
binance,2025-07-30T00:23:09.317381Z,USDT,ARS,1303.23,300000.0,5212920.0,4000.0,SELL,AR,"[""Mercadopago"", ""Banco Brubank"", ""Bank Transfer (Argentina)"", ""Lemon Cash"", ""Uala""]",ZoeCambio,0.997,1976,12770830508666507264,,,collection_20250730_022303
binance,2025-07-30T00:23:09.317381Z,USDT,ARS,1303.22,150000.0,450000.0,1352.41,SELL,AR,"[""Mercadopago"", ""Bank Transfer (Argentina)""]",TitaniumCriptoFC,1.0,411,12775673687252344832,,,collection_20250730_022303
binance,2025-07-30T00:23:09.317381Z,USDT,ARS,1303.21,500000.0,1197441.0,918.84,SELL,AR,"[""Banco Santander Argentina"", ""Bank Transfer"", ""Lemon Cash"", ""Mercadopago"", ""Banco del Sol""]",PATINTON,0.976,284,12779174702769098752,,,collection_20250730_022303
binance,2025-07-30T00:23:09.317381Z,USDT,ARS,1303.2,15000.0,130215.0,99.92,SELL,AR,"[""BBVA"", ""Banco Brubank"", ""Mercadopago""]",cafgary,0.955,106,12782480552208441344,,,collection_20250730_022303
binance,2025-07-30T00:23:09.317381Z,USDT,ARS,1303.2,400000.0,4382726.0,3363.05,SELL,AR,"[""Naranja X"", ""Uala"", ""Banco Brubank"", ""Mercadopago"", ""Lemon Cash""]",speedcrypto10,0.999,841,12774439284740587520,,,collection_20250730_022303
binance,2025-07-30T00:23:09.317381Z,USDT,ARS,1303.16,100000.0,1216017.0,933.13,SELL,AR,"[""Uala"", ""Lemon Cash"", ""Bank Transfer (Argentina)"", ""Banco Brubank""]",Cambio_d_plata,0.99,4301,12778162122546339840,,,collection_20250730_022303
binance,2025-07-30T00:23:09.317381Z,USDT,ARS,1303.15,100000.0,1729514.0,1327.18,SELL,AR,"[""Bank Transfer (Argentina)"", ""Mercadopago"", ""Lemon Cash"", ""Banco Brubank"", ""BBVA""]",cryptoMarket_001,1.0,3495,12768355544355151872,,,collection_20250730_022303
binance,2025-07-30T00:23:09.317381Z,USDT,ARS,1303.13,7840.0,424820.0,326.0,SELL,AR,"[""BBVA"", ""Uala"", ""Banco Brubank"", ""Mercadopago"", ""Bank Transfer (Argentina)""]",GOLDTHEBLOCK,0.934,239,12774643475423236096,,,collection_20250730_022303
binance,2025-07-30T00:23:09.317381Z,USDT,ARS,1303.12,100000.0,308000.0,58639.99,SELL,AR,"[""Bank Transfer (Argentina)"", ""Banco Brubank"", ""Lemon Cash"", ""Mercadopago"", ""Naranja X""]",CAMBIORAPIDOYSEGURO-,0.996,7076,12782475124085678080,,,collection_20250730_022303
binance,2025-07-30T00:23:09.317381Z,USDT,ARS,1303.1,7840.0,256254.0,196.65,SELL,AR,"[""Naranja X"", ""Mercadopago"", ""Lemon Cash"", ""Prex"", ""Uala""]",angielp,0.875,77,12776778354393776128,,,collection_20250730_022303
binance,2025-07-30T00:23:09.317381Z,USDT,ARS,1303.1,400000.0,2078444.0,1595.0,SELL,AR,"[""Naranja X"", ""Bank Transfer (Argentina)"", ""Banco Brubank"", ""Lemon Cash"", ""Mercadopago""]",LalloxD,0.957,222,12736019904914993152,,,collection_20250730_022303
binance,2025-07-30T00:23:09.317381Z,USDT,ARS,1303.01,500000.0,1143638.0,877.69,SELL,AR,"[""Naranja X"", ""Banco Brubank"", ""Bank Transfer (Argentina)"", ""Mercadopago"", ""Lemon Cash""]",detoke,1.0,394,12760456177621770240,,,collection_20250730_022303
binance,2025-07-30T00:23:09.317381Z,USDT,ARS,1303.0,2437.0,2437.0,100.0,SELL,AR,"[""Naranja X"", ""Lemon Cash"", ""Banco Brubank"", ""Bank Transfer (Argentina)"", ""Mercadopago""]",WaveFx,0.996,1655,12744021627808620544,,,collection_20250730_022303
binance,2025-07-30T00:23:09.317381Z,USDT,ARS,1303.0,49000.0,3546531.0,2721.82,SELL,AR,"[""Naranja X"", ""Mercadopago"", ""Bank Transfer (Argentina)"", ""Banco Brubank"", ""BBVA""]",JuanDland,0.999,512,12739682364981366784,,,collection_20250730_022303
binance,2025-07-30T00:23:10.342328Z,USDT,ARS,1302.95,20000.0,75297.0,57.79,SELL,AR,"[""Banco Brubank"", ""Bank Transfer (Argentina)"", ""Uala"", ""Lemon Cash"", ""Mercadopago""]",Nanu_,0.99,4074,12735084765411995648,,,collection_20250730_022303
binance,2025-07-30T00:23:10.342328Z,USDT,ARS,1302.85,500000.0,4651239.0,3570.05,SELL,AR,"[""Mercadopago"", ""Lemon Cash"", ""Banco Brubank""]",Supercrypto23,0.997,539,12763754227317841920,,,collection_20250730_022303
binance,2025-07-30T00:23:10.342328Z,USDT,ARS,1302.76,4000.0,63548.0,48.78,SELL,AR,"[""Lemon Cash""]",Mrode_CARP,0.962,530,12782754024526962688,,,collection_20250730_022303
binance,2025-07-30T00:23:10.342328Z,USDT,ARS,1302.76,200000.0,2386135.0,1831.6,SELL,AR,"[""Lemon Cash"", ""Bank Transfer (Argentina)"", ""Banco Brubank"", ""Mercadopago"", ""Uala""]",cashexpress-,1.0,2433,12647961318270689280,,,collection_20250730_022303
binance,2025-07-30T00:23:10.342328Z,USDT,ARS,1302.75,30000.0,1655573.0,1270.83,SELL,AR,"[""Lemon Cash"", ""Bank Transfer (Argentina)"", ""Banco Brubank"", ""Naranja X""]",PakaCripto,1.0,2855,12783659918373376000,,,collection_20250730_022303
binance,2025-07-30T00:23:10.342328Z,USDT,ARS,1302.71,99000.0,1867708.0,1433.71,SELL,AR,"[""Uala"", ""Reba"", ""Lemon Cash"", ""Bank Transfer"", ""Mercadopago""]",Tu-Mejor-Cambio,0.989,672,12772295368948498432,,,collection_20250730_022303
binance,2025-07-30T00:23:10.342328Z,USDT,ARS,1302.7,200000.0,1000000.0,1471.78,SELL,AR,"[""Banco Brubank"", ""Mercadopago"", ""Lemon Cash""]",facu99,0.993,1670,12750978599710261248,,,collection_20250730_022303
binance,2025-07-30T00:23:10.342328Z,USDT,ARS,1302.5,150000.0,14000000.0,31825.31,SELL,AR,"[""Mercadopago"", ""Lemon Cash"", ""Uala"", ""Bank Transfer (Argentina)"", ""Banco Brubank""]",GONAM_Cv,1.0,2571,12728432237513883648,,,collection_20250730_022303
binance,2025-07-30T00:23:10.342328Z,USDT,ARS,1302.3,8000.0,260460.0,200.0,SELL,AR,"[""Banco Brubank"", ""Mercadopago""]",Cambio-Cripto-S,1.0,1,12783203215905333248,,,collection_20250730_022303
binance,2025-07-30T00:23:10.342328Z,USDT,ARS,1302.28,300000.0,387610.0,297.64,SELL,AR,"[""Mercadopago"", ""Bank Transfer (Argentina)"", ""Uala"", ""Naranja X"", ""Banco Brubank""]",Averna,0.969,1073,12778434562533052416,,,collection_20250730_022303
binance,2025-07-30T00:23:10.342328Z,USDT,ARS,1302.18,7840.0,178750.0,137.27,SELL,AR,"[""Naranja X"", ""Lemon Cash"", ""Mercadopago"", ""Banco Brubank""]",DAVO73,0.997,563,12736131286159413248,,,collection_20250730_022303
binance,2025-07-30T00:23:10.342328Z,USDT,ARS,1302.09,10000.0,15000.0,10000.63,SELL,AR,"[""Lemon Cash"", ""Naranja X""]",ELEk10,0.858,6,12783567544245616640,,,collection_20250730_022303
binance,2025-07-30T00:23:10.342328Z,USDT,ARS,1302.0,500000.0,500001.0,1000.0,SELL,AR,"[""Mercadopago""]",LuArPe80,1.0,205,12769944305339437056,,,collection_20250730_022303
binance,2025-07-30T00:23:10.342328Z,USDT,ARS,1302.0,150000.0,6510000.0,5000.0,SELL,AR,"[""Mercadopago"", ""Uala"", ""Banco Brubank"", ""Naranja X"", ""Lemon Cash""]",BAHIA_CRYPTO,0.999,2609,12736030127747715072,,,collection_20250730_022303
binance,2025-07-30T00:23:10.342328Z,USDT,ARS,1301.86,500000.0,9000000.0,75006.96,SELL,AR,"[""Lemon Cash"", ""Uala"", ""Mercadopago"", ""Bank Transfer (Argentina)"", ""Banco Brubank""]",Dagger1982,0.994,6301,12740478010581782528,,,collection_20250730_022303
binance,2025-07-30T00:23:10.342328Z,USDT,ARS,1301.85,300000.0,2506061.0,1925.0,SELL,AR,"[""BBVA"", ""Bank Transfer (Argentina)"", ""Mercadopago"", ""Naranja X"", ""Lemon Cash""]",cris_92,0.991,627,12741039600430526464,,,collection_20250730_022303
binance,2025-07-30T00:23:10.342328Z,USDT,ARS,1301.8,50000.0,65090.0,50.0,SELL,AR,"[""Naranja X"", ""Uala"", ""Banco Brubank"", ""Mercadopago"", ""Lemon Cash""]",RodriAya316,0.998,1300,12728632610037141504,,,collection_20250730_022303
binance,2025-07-30T00:23:10.342328Z,USDT,ARS,1301.7,30000.0,2536557.0,1948.65,SELL,AR,"[""Lemon Cash"", ""Banco Brubank"", ""Uala"", ""Naranja X""]",santo_cssi,0.994,2310,12735506248451518464,,,collection_20250730_022303
binance,2025-07-30T00:23:10.342328Z,USDT,ARS,1301.56,100000.0,1460441.0,1122.07,SELL,AR,"[""Uala"", ""Mercadopago"", ""Banco Santander Argentina"", ""BBVA"", ""Bank Transfer (Argentina)""]",CAI-trades,0.921,473,12770482997577154560,,,collection_20250730_022303
binance,2025-07-30T00:23:10.342328Z,USDT,ARS,1301.5,100000.0,5120777.0,3934.52,SELL,AR,"[""Banco Brubank"", ""Naranja X"", ""Lemon Cash"", ""Mercadopago""]",Guipie1424,0.999,1575,12741677258911596544,,,collection_20250730_022303
binance,2025-07-30T00:23:11.368573Z,USDT,ARS,1301.5,100000.0,11000000.0,16930.1,SELL,AR,"[""Naranja X"", ""Belo app"", ""BBVA"", ""Prex"", ""Banco Santander Argentina""]",GONAM_Cv,1.0,2571,12751624307193483264,,,collection_20250730_022303
binance,2025-07-30T00:23:11.368573Z,USDT,ARS,1301.15,8000.0,5000000.0,6771.56,SELL,AR,"[""Lemon Cash"", ""Mercadopago"", ""Banco Brubank"", ""Prex"", ""Bank Transfer""]",CriptoArgg,0.858,12,12781340571648647168,,,collection_20250730_022303
binance,2025-07-30T00:23:11.368573Z,USDT,ARS,1301.1,20000.0,2268467.0,1743.5,SELL,AR,"[""Lemon Cash"", ""Banco Brubank"", ""Uala"", ""Naranja X""]",santo_cssi,0.994,2310,12762143445707304960,,,collection_20250730_022303
binance,2025-07-30T00:23:11.368573Z,USDT,ARS,1300.9,80000.0,323000.0,248.29,SELL,AR,"[""Banco Brubank"", ""Bank Transfer (Argentina)"", ""Mercadopago"", ""Uala"", ""Banco Santander Argentina""]",JLuce,0.979,631,12758934221343633408,,,collection_20250730_022303
binance,2025-07-30T00:23:11.368573Z,USDT,ARS,1300.81,15000.0,33105.0,25.45,SELL,AR,"[""Banco Brubank"", ""Bank Transfer (Argentina)"", ""Mercadopago"", ""Lemon Cash"", ""Naranja X""]",verygood_lm,0.992,1855,12654896451068264448,,,collection_20250730_022303
binance,2025-07-30T00:23:11.368573Z,USDT,ARS,1300.79,10000.0,973329.0,748.26,SELL,AR,"[""Uala"", ""Naranja X"", ""Mercadopago"", ""Lemon Cash"", ""Banco Brubank""]",SoyunaCriptoMas,0.999,2331,12783631651686744064,,,collection_20250730_022303
binance,2025-07-30T00:23:11.368573Z,USDT,ARS,1300.5,10000.0,1302671.0,1001.67,SELL,AR,"[""Uala"", ""Naranja X"", ""Lemon Cash"", ""Mercadopago"", ""Banco Brubank""]",MultiversoFlash,1.0,3168,12736034915224981504,,,collection_20250730_022303
binance,2025-07-30T00:23:11.368573Z,USDT,ARS,1300.2,70000.0,2000000.0,65273.54,SELL,AR,"[""Uala"", ""Mercadopago"", ""Naranja X"", ""Banco Brubank"", ""Lemon Cash""]",BETO280,0.996,1363,12771253412381024256,,,collection_20250730_022303
binance,2025-07-30T00:23:11.368573Z,USDT,ARS,1300.08,15000.0,495000.0,1000.0,SELL,AR,"[""Banco Santander Argentina"", ""Belo app"", ""Naranja X"", ""Uala"", ""Bank Transfer (Argentina)""]",CryptoBunker_,1.0,222,12736186934411612160,,,collection_20250730_022303
binance,2025-07-30T00:23:11.368573Z,USDT,ARS,1300.01,8000.0,14092.0,10.84,SELL,AR,"[""Lemon Cash"", ""Banco del Sol"", ""Mercadopago"", ""Bank Transfer (Argentina)"", ""Banco Brubank""]",Nani79,0.988,311,12765872416871239680,,,collection_20250730_022303
binance,2025-07-30T00:23:11.368573Z,USDT,ARS,1300.0,1290000.0,1300000.0,1000.0,SELL,AR,"[""Mercadopago"", ""Naranja X""]",Mxmg,1.0,11,12745677721725583360,,,collection_20250730_022303
binance,2025-07-30T00:23:11.368573Z,USDT,ARS,1300.0,50000.0,136500.0,105.0,SELL,AR,"[""Naranja X"", ""Mercadopago""]",rokambole1989,0.941,111,12777442938206916608,,,collection_20250730_022303
binance,2025-07-30T00:23:11.368573Z,USDT,ARS,1300.0,20000.0,599300.0,461.0,SELL,AR,"[""Banco Brubank"", ""Lemon Cash"", ""Mercadopago"", ""Naranja X"", ""Uala""]",Cambiozla Â®,0.897,278,12758286192649322496,,,collection_20250730_022303
binance,2025-07-30T00:23:11.368573Z,USDT,ARS,1300.0,1500000.0,3500000.0,3000.0,SELL,AR,"[""Bank Transfer (Argentina)"", ""Lemon Cash"", ""Mercadopago"", ""Banco Brubank"", ""Reba""]",CryptoChapa,1.0,210,12766853380055736320,,,collection_20250730_022303
binance,2025-07-30T00:23:11.368573Z,USDT,ARS,1300.0,500000.0,2600000.0,2000.0,SELL,AR,"[""Uala"", ""Bank Transfer (Argentina)"", ""Lemon Cash"", ""Mercadopago"", ""Banco Brubank""]",EntreRiosCripto,0.976,240,12759592836703260672,,,collection_20250730_022303
binance,2025-07-30T00:23:11.368573Z,USDT,ARS,1300.0,950000.0,6195800.0,4766.0,SELL,AR,"[""Lemon Cash"", ""Bank Transfer (Argentina)"", ""Banco Brubank"", ""Naranja X"", ""Mercadopago""]",Tu_Cambiazo,0.987,449,12774845697807745024,,,collection_20250730_022303
binance,2025-07-30T00:23:11.368573Z,USDT,ARS,1300.0,100000.0,900000.0,1600.05,SELL,AR,"[""Banco Santander Argentina"", ""Bank Transfer (Argentina)"", ""Mercadopago"", ""Uala"", ""Lemon Cash""]",lechon,0.996,1745,12763051041557106688,,,collection_20250730_022303
binance,2025-07-30T00:23:11.368573Z,USDT,ARS,1299.98,80000.0,4549930.0,3500.0,SELL,AR,"[""Mercadopago"", ""Lemon Cash"", ""Banco Brubank"", ""Uala"", ""Naranja X""]",SoterCapital,1.0,620,12780998596630192128,,,collection_20250730_022303
binance,2025-07-30T00:23:11.368573Z,USDT,ARS,1299.05,50000.0,19000000.0,29073.39,SELL,AR,"[""Banco Santander Argentina"", ""Bank Transfer (Argentina)"", ""Lemon Cash"", ""Mercadopago"", ""BBVA""]",PLALaCapitalDelMundo,1.0,1747,12735925961769512960,,,collection_20250730_022303
binance,2025-07-30T00:23:11.368573Z,USDT,ARS,1299.03,10000.0,7718654.0,5941.86,SELL,AR,"[""Naranja X"", ""Lemon Cash"", ""Mercadopago"", ""Bank Transfer (Argentina)"", ""Banco Brubank""]",Mc-Cryptoo,0.999,4536,12774290985753432064,,,collection_20250730_022303
binance,2025-07-30T00:23:12.391849Z,USDT,ARS,1299.03,10000.0,7718654.0,5941.86,SELL,AR,"[""Naranja X"", ""Lemon Cash"", ""Mercadopago"", ""Bank Transfer (Argentina)"", ""Banco Brubank""]",Mc-Cryptoo,0.999,4536,12774290985753432064,,,collection_20250730_022303
binance,2025-07-30T00:23:12.391849Z,USDT,ARS,1299.01,25000.0,7144555.0,5500.0,SELL,AR,"[""Prex"", ""Bank Transfer"", ""Banco del Sol"", ""Mercadopago"", ""Reba""]",SoterCapital,1.0,620,12781136188160921600,,,collection_20250730_022303
binance,2025-07-30T00:23:12.391849Z,USDT,ARS,1299.0,7840.0,129900.0,100.0,SELL,AR,"[""Lemon Cash"", ""Uala"", ""Mercadopago"", ""Bank Transfer (Argentina)"", ""Banco Brubank""]",Mcbit17,1.0,8,12775947546424713216,,,collection_20250730_022303
binance,2025-07-30T00:23:12.391849Z,USDT,ARS,1299.0,9000.0,195538.0,150.53,SELL,AR,"[""Banco Brubank"", ""Bank Transfer (Argentina)"", ""Lemon Cash"", ""Mercadopago"", ""Naranja X""]",-criptotincho-,0.96,1493,12776669862313603072,,,collection_20250730_022303
binance,2025-07-30T00:23:12.391849Z,USDT,ARS,1299.0,10000.0,500000.0,1000.0,SELL,AR,"[""Belo app"", ""Mercadopago"", ""Lemon Cash"", ""Banco Brubank""]",Totty_Criptoya,1.0,117,12781160106553139200,,,collection_20250730_022303
binance,2025-07-30T00:23:12.391849Z,USDT,ARS,1298.5,100000.0,900000.0,2000.0,SELL,AR,"[""BBVA"", ""Banco del Sol"", ""Naranja X"", ""Prex"", ""Banco Brubank""]",lechon,0.996,1745,12763050826255642624,,,collection_20250730_022303
binance,2025-07-30T00:23:12.391849Z,USDT,ARS,1298.0,250000.0,2466200.0,1900.0,SELL,AR,"[""Bank Transfer (Argentina)"", ""Mercadopago"", ""Uala"", ""Naranja X"", ""Lemon Cash""]",HouseAbundance,0.886,54,12736042723219054592,,,collection_20250730_022303
binance,2025-07-30T00:23:12.391849Z,USDT,ARS,1298.0,60000.0,6224740.0,4795.64,SELL,AR,"[""Banco Brubank"", ""Bank Transfer (Argentina)"", ""Uala"", ""Lemon Cash"", ""Mercadopago""]",ElTratoJusto,0.996,626,12582692081948979200,,,collection_20250730_022303
binance,2025-07-30T00:23:12.391849Z,USDT,ARS,1298.0,500000.0,7000000.0,8500.0,SELL,AR,"[""Banco Brubank"", ""Bank Transfer (Argentina)"", ""Banco Santander Argentina"", ""Lemon Cash"", ""Mercadopago""]",VCte_Crypto,0.997,1955,12765468160345899008,,,collection_20250730_022303
binance,2025-07-30T00:23:12.391849Z,USDT,ARS,1297.85,25000.0,2967936.0,2286.81,SELL,AR,"[""Lemon Cash"", ""Mercadopago"", ""Naranja X"", ""Banco Brubank"", ""Belo app""]",SoterCapital,1.0,620,12781424547800600576,,,collection_20250730_022303
binance,2025-07-30T00:23:12.391849Z,USDT,ARS,1297.3,5000.0,129730.0,100.0,SELL,AR,"[""Banco Brubank"", ""Mercadopago"", ""Uala"", ""Lemon Cash"", ""Naranja X""]",CarYur,0.996,2377,12753845448042508288,,,collection_20250730_022303
binance,2025-07-30T00:23:12.391849Z,USDT,ARS,1297.25,50000.0,19000000.0,23616.36,SELL,AR,"[""Prex"", ""Reba"", ""Bank Transfer"", ""Uala"", ""Banco Brubank""]",PLALaCapitalDelMundo,1.0,1747,12734896219928367104,,,collection_20250730_022303
binance,2025-07-30T00:23:12.391849Z,USDT,ARS,1297.24,100000.0,7000000.0,79191.36,SELL,AR,"[""Banco del Sol"", ""Satoshi Tango"", ""Reba"", ""Prex"", ""Belo app""]",CAMBIORAPIDOYSEGURO-,0.996,7076,12782474926367080448,,,collection_20250730_022303
binance,2025-07-30T00:23:12.391849Z,USDT,ARS,1297.22,30000.0,3500000.0,11949.83,SELL,AR,"[""Naranja X"", ""Reba"", ""Provincial"", ""Prex"", ""Banco del Sol""]",MartinCrypto182,1.0,1493,12735929414426066944,,,collection_20250730_022303
binance,2025-07-30T00:23:12.391849Z,USDT,ARS,1297.1,10000.0,713405.0,550.0,SELL,AR,"[""Mercadopago"", ""Lemon Cash"", ""Banco Brubank"", ""Bank Transfer (Argentina)"", ""Uala""]",criptodiz,0.994,1653,12777343666977734656,,,collection_20250730_022303
binance,2025-07-30T00:23:12.391849Z,USDT,ARS,1297.03,9000.0,9088522.0,7007.18,SELL,AR,"[""Banco Santander Argentina"", ""BBVA"", ""Uala"", ""Belo app"", ""Reba""]",Mc-Cryptoo,0.999,4536,12774289948452700160,,,collection_20250730_022303
binance,2025-07-30T00:23:12.391849Z,USDT,ARS,1297.0,100000.0,900000.0,2000.0,SELL,AR,"[""Banco Brubank"", ""Banco Santander Argentina"", ""Bank Transfer (Argentina)"", ""Mercadopago"", ""Uala""]",lechon,0.996,1745,12763050571831902208,,,collection_20250730_022303
binance,2025-07-30T00:23:12.391849Z,USDT,ARS,1296.0,50000.0,2356879.0,1818.58,SELL,AR,"[""Bank Transfer (Argentina)"", ""Lemon Cash"", ""Mercadopago"", ""Naranja X"", ""Uala""]",TrAdE_aNdO,1.0,641,12736031694274027520,,,collection_20250730_022303
binance,2025-07-30T00:23:12.391849Z,USDT,ARS,1295.61,5000.0,2000000.0,77483.24,SELL,AR,"[""Reba"", ""Prex"", ""Bank Transfer"", ""Bank Transfer (Argentina)"", ""Belo app""]",LibreMercado-Futuro,0.989,1137,12727163764389027840,,,collection_20250730_022303
binance,2025-07-30T00:23:12.391849Z,USDT,ARS,1295.6,5000.0,31107.0,24.01,SELL,AR,"[""Banco Brubank"", ""Mercadopago"", ""Uala"", ""Lemon Cash"", ""Naranja X""]",lunix17,0.998,730,12757761775164366848,,,collection_20250730_022303
binance,2025-07-30T00:23:13.415714Z,USDT,ARS,1295.56,5000.0,837087.0,646.12,SELL,AR,"[""Bank Transfer (Argentina)"", ""Banco Brubank"", ""Mercadopago"", ""Uala"", ""Reba""]",Bevi1417,0.969,795,12681419605648216064,,,collection_20250730_022303
binance,2025-07-30T00:23:13.415714Z,USDT,ARS,1295.1,70000.0,3000000.0,66704.04,SELL,AR,"[""Uala"", ""Mercadopago"", ""Naranja X"", ""Banco Brubank"", ""Lemon Cash""]",BETO280,0.996,1363,12766498547916595200,,,collection_20250730_022303
binance,2025-07-30T00:23:13.415714Z,USDT,ARS,1295.0,1000000.0,1600000.0,1271.0,SELL,AR,"[""Mercadopago""]",_Bicarbonato_de_odio,1.0,2,12781459658160562176,,,collection_20250730_022303
binance,2025-07-30T00:23:13.415714Z,USDT,ARS,1295.0,100000.0,349144.0,269.61,SELL,AR,"[""Banco Brubank"", ""Lemon Cash"", ""Mercadopago""]",Cripto Dani,1.0,11,12782991049664557056,,,collection_20250730_022303
binance,2025-07-30T00:23:13.415714Z,USDT,ARS,1295.0,900000.0,15000000.0,19682.41,SELL,AR,"[""Banco Santander Argentina"", ""Bank Transfer (Argentina)"", ""BBVA"", ""Mercadopago"", ""Prex""]",MABO_17,0.981,258,12735948539168415744,,,collection_20250730_022303
binance,2025-07-30T00:23:13.415714Z,USDT,ARS,1295.0,7840.0,250000.0,822.91,SELL,AR,"[""Banco Santander Argentina"", ""Lemon Cash"", ""Bank Transfer"", ""Uala"", ""Banco Brubank""]",NoMeDejesSecoPicante,1.0,37,12781525637724520448,,,collection_20250730_022303
binance,2025-07-30T00:23:13.415714Z,USDT,ARS,1294.91,21000.0,2100000.0,64462.45,SELL,AR,"[""Banco Brubank"", ""Bank Transfer (Argentina)"", ""Mercadopago"", ""Uala"", ""Lemon Cash""]",Susamar-Futuro,0.959,1855,12738667526841937920,,,collection_20250730_022303
binance,2025-07-30T00:23:13.415714Z,USDT,ARS,1294.9,10000.0,8545964.0,6599.71,SELL,AR,"[""BBVA"", ""Banco Santander Argentina"", ""Bank Transfer"", ""Uala"", ""Prex""]",Gregor92,0.991,414,12736078762200719360,,,collection_20250730_022303
binance,2025-07-30T00:23:13.415714Z,USDT,ARS,1294.65,500000.0,859621.0,663.98,SELL,AR,"[""Banco Brubank"", ""Bank Transfer (Argentina)"", ""Mercadopago"", ""Lemon Cash"", ""Uala""]",Crypto-HUMANO,0.878,86,12761414560242786304,,,collection_20250730_022303
binance,2025-07-30T00:23:13.415714Z,USDT,ARS,1294.56,5000.0,935164.0,722.38,SELL,AR,"[""Bank Transfer (Argentina)"", ""Banco Brubank"", ""Mercadopago"", ""Reba"", ""Uala""]",Bevi1417,0.969,795,12654439248654454784,,,collection_20250730_022303
binance,2025-07-30T00:23:13.415714Z,USDT,ARS,1294.5,7900.0,386123.0,298.28,SELL,AR,"[""Lemon Cash"", ""Uala"", ""Bank Transfer (Argentina)"", ""Mercadopago"", ""Banco Brubank""]",Kmarket,1.0,87,12701977775153463296,,,collection_20250730_022303
binance,2025-07-30T00:23:13.415714Z,USDT,ARS,1294.2,7840.0,25880.0,85.15,SELL,AR,"[""Mercadopago"", ""Naranja X"", ""Banco Brubank"", ""Lemon Cash"", ""Uala""]",P2P25,1.0,48,12782136368616808448,,,collection_20250730_022303
binance,2025-07-30T00:23:13.415714Z,USDT,ARS,1294.0,10000.0,499315.0,385.87,SELL,AR,"[""Banco Santander Argentina"", ""Uala"", ""Mercadopago"", ""Bank Transfer (Argentina)"", ""Banco Brubank""]",OSKI91,1.0,541,12757174047700054016,,,collection_20250730_022303
binance,2025-07-30T00:23:13.415714Z,USDT,ARS,1293.12,20000.0,718625.0,555.73,SELL,AR,"[""Banco Santander Argentina"", ""Prex"", ""Lemon Cash"", ""Mercadopago"", ""Banco Brubank""]",RealTrader-Dio,0.99,582,12626333156268703744,,,collection_20250730_022303
binance,2025-07-30T00:23:13.415714Z,USDT,ARS,1293.1,50000.0,2844820.0,2200.0,SELL,AR,"[""Banco Santander Argentina"", ""Lemon Cash"", ""Prex"", ""Belo app"", ""Naranja X""]",JuanD,0.916,237,12781692868345249792,,,collection_20250730_022303
binance,2025-07-30T00:23:13.415714Z,USDT,ARS,1292.0,500000.0,8000000.0,8000.0,SELL,AR,"[""Banco Brubank"", ""Mercadopago"", ""Uala"", ""Lemon Cash"", ""Bank Transfer""]",GutymaGG,1.0,122,12690913238042214400,,,collection_20250730_022303
binance,2025-07-30T00:23:13.415714Z,USDT,ARS,1291.44,500000.0,1200000.0,50000.0,SELL,AR,"[""Naranja X"", ""Mercadopago"", ""BBVA"", ""Bank Transfer (Argentina)"", ""Banco Brubank""]",Nromano,0.994,1022,12736034367520583680,,,collection_20250730_022303
binance,2025-07-30T00:23:13.415714Z,USDT,ARS,1290.29,9000.0,200000.0,1503.38,SELL,AR,"[""Uala"", ""Mercadopago"", ""Bank Transfer (Argentina)"", ""Banco Brubank"", ""Prex""]",stackGus,0.885,23,12687831289059614720,,,collection_20250730_022303
binance,2025-07-30T00:23:13.415714Z,USDT,ARS,1290.0,10000.0,6450000.0,5000.0,SELL,AR,"[""Lemon Cash"", ""Mercadopago""]",P2P-6d5ee3hd,1.0,16,12782864205827448832,,,collection_20250730_022303
binance,2025-07-30T00:23:13.415714Z,USDT,ARS,1290.0,10000.0,2498807.0,1937.06,SELL,AR,"[""Lemon Cash"", ""Banco Santander Argentina"", ""BBVA"", ""Bank Transfer (Argentina)"", ""Mercadopago""]",MafeZam,0.973,35,12736463598002298880,,,collection_20250730_022303
